{"cameraMode":{"drawMode":0,"name":"Shaded","section":"Shading Mode"},"sceneLighting":true,"audioPlay":false,"sceneViewState":{"showFog":true,"showMaterialUpdate":false,"showSkybox":true,"showFlares":true,"showImageEffects":true,"showParticleSystems":true,"showVisualEffectGraphs":true,"m_FxEnabled":true},"in2DMode":false,"pivot":{"x":2.0142199993133547,"y":1.168220043182373,"z":0.8643484115600586},"rotation":{"x":0.047539275139570239,"y":-0.9170551896095276,"z":0.11505291610956192,"w":0.37888121604919436},"size":1.679861068725586,"orthographic":false}